<annotation>
	<folder>ppe hd</folder>
	<filename>21fdf.jpg</filename>
	<path>E:\ppe hd\21fdf.jpg</path>
	<source>
		<database>Unknown</database>
	</source>
	<size>
		<width>3600</width>
		<height>2025</height>
		<depth>3</depth>
	</size>
	<segmented>0</segmented>
	<object>
		<name>Goggles</name>
		<pose>Unspecified</pose>
		<truncated>0</truncated>
		<difficult>0</difficult>
		<bndbox>
			<xmin>1520</xmin>
			<ymin>614</ymin>
			<xmax>2327</xmax>
			<ymax>969</ymax>
		</bndbox>
	</object>
	<object>
		<name>Mask</name>
		<pose>Unspecified</pose>
		<truncated>0</truncated>
		<difficult>0</difficult>
		<bndbox>
			<xmin>1579</xmin>
			<ymin>902</ymin>
			<xmax>2184</xmax>
			<ymax>1283</ymax>
		</bndbox>
	</object>
	<object>
		<name>Face_Shield</name>
		<pose>Unspecified</pose>
		<truncated>0</truncated>
		<difficult>0</difficult>
		<bndbox>
			<xmin>1406</xmin>
			<ymin>345</ymin>
			<xmax>2386</xmax>
			<ymax>1633</ymax>
		</bndbox>
	</object>
	<object>
		<name>Gloves</name>
		<pose>Unspecified</pose>
		<truncated>0</truncated>
		<difficult>0</difficult>
		<bndbox>
			<xmin>784</xmin>
			<ymin>223</ymin>
			<xmax>1472</xmax>
			<ymax>1066</ymax>
		</bndbox>
	</object>
	<object>
		<name>Gloves</name>
		<pose>Unspecified</pose>
		<truncated>0</truncated>
		<difficult>0</difficult>
		<bndbox>
			<xmin>2241</xmin>
			<ymin>369</ymin>
			<xmax>3122</xmax>
			<ymax>1252</ymax>
		</bndbox>
	</object>
	<object>
		<name>Coverall</name>
		<pose>Unspecified</pose>
		<truncated>1</truncated>
		<difficult>0</difficult>
		<bndbox>
			<xmin>1</xmin>
			<ymin>126</ymin>
			<xmax>3594</xmax>
			<ymax>2004</ymax>
		</bndbox>
	</object>
</annotation>
