<annotation>
	<folder>ppe hd</folder>
	<filename>58i.jpg</filename>
	<path>E:\ppe hd\58i.jpg</path>
	<source>
		<database>Unknown</database>
	</source>
	<size>
		<width>999</width>
		<height>599</height>
		<depth>3</depth>
	</size>
	<segmented>0</segmented>
	<object>
		<name>Mask</name>
		<pose>Unspecified</pose>
		<truncated>0</truncated>
		<difficult>0</difficult>
		<bndbox>
			<xmin>478</xmin>
			<ymin>282</ymin>
			<xmax>624</xmax>
			<ymax>457</ymax>
		</bndbox>
	</object>
	<object>
		<name>Goggles</name>
		<pose>Unspecified</pose>
		<truncated>0</truncated>
		<difficult>0</difficult>
		<bndbox>
			<xmin>447</xmin>
			<ymin>223</ymin>
			<xmax>589</xmax>
			<ymax>300</ymax>
		</bndbox>
	</object>
	<object>
		<name>Gloves</name>
		<pose>Unspecified</pose>
		<truncated>0</truncated>
		<difficult>0</difficult>
		<bndbox>
			<xmin>239</xmin>
			<ymin>210</ymin>
			<xmax>452</xmax>
			<ymax>446</ymax>
		</bndbox>
	</object>
	<object>
		<name>Gloves</name>
		<pose>Unspecified</pose>
		<truncated>0</truncated>
		<difficult>0</difficult>
		<bndbox>
			<xmin>568</xmin>
			<ymin>204</ymin>
			<xmax>782</xmax>
			<ymax>487</ymax>
		</bndbox>
	</object>
	<object>
		<name>Coverall</name>
		<pose>Unspecified</pose>
		<truncated>0</truncated>
		<difficult>0</difficult>
		<bndbox>
			<xmin>115</xmin>
			<ymin>29</ymin>
			<xmax>997</xmax>
			<ymax>594</ymax>
		</bndbox>
	</object>
</annotation>
