<annotation>
	<folder>ppe hd</folder>
	<filename>bfhe.jpg</filename>
	<path>E:\ppe hd\bfhe.jpg</path>
	<source>
		<database>Unknown</database>
	</source>
	<size>
		<width>360</width>
		<height>240</height>
		<depth>3</depth>
	</size>
	<segmented>0</segmented>
	<object>
		<name>Goggles</name>
		<pose>Unspecified</pose>
		<truncated>0</truncated>
		<difficult>0</difficult>
		<bndbox>
			<xmin>208</xmin>
			<ymin>64</ymin>
			<xmax>256</xmax>
			<ymax>84</ymax>
		</bndbox>
	</object>
	<object>
		<name>Goggles</name>
		<pose>Unspecified</pose>
		<truncated>0</truncated>
		<difficult>0</difficult>
		<bndbox>
			<xmin>273</xmin>
			<ymin>59</ymin>
			<xmax>317</xmax>
			<ymax>83</ymax>
		</bndbox>
	</object>
	<object>
		<name>Mask</name>
		<pose>Unspecified</pose>
		<truncated>0</truncated>
		<difficult>0</difficult>
		<bndbox>
			<xmin>210</xmin>
			<ymin>75</ymin>
			<xmax>249</xmax>
			<ymax>104</ymax>
		</bndbox>
	</object>
	<object>
		<name>Mask</name>
		<pose>Unspecified</pose>
		<truncated>0</truncated>
		<difficult>0</difficult>
		<bndbox>
			<xmin>279</xmin>
			<ymin>73</ymin>
			<xmax>317</xmax>
			<ymax>103</ymax>
		</bndbox>
	</object>
	<object>
		<name>Gloves</name>
		<pose>Unspecified</pose>
		<truncated>0</truncated>
		<difficult>0</difficult>
		<bndbox>
			<xmin>214</xmin>
			<ymin>128</ymin>
			<xmax>261</xmax>
			<ymax>164</ymax>
		</bndbox>
	</object>
	<object>
		<name>Gloves</name>
		<pose>Unspecified</pose>
		<truncated>0</truncated>
		<difficult>0</difficult>
		<bndbox>
			<xmin>192</xmin>
			<ymin>189</ymin>
			<xmax>235</xmax>
			<ymax>212</ymax>
		</bndbox>
	</object>
	<object>
		<name>Gloves</name>
		<pose>Unspecified</pose>
		<truncated>0</truncated>
		<difficult>0</difficult>
		<bndbox>
			<xmin>270</xmin>
			<ymin>129</ymin>
			<xmax>318</xmax>
			<ymax>177</ymax>
		</bndbox>
	</object>
	<object>
		<name>Face_Shield</name>
		<pose>Unspecified</pose>
		<truncated>0</truncated>
		<difficult>0</difficult>
		<bndbox>
			<xmin>201</xmin>
			<ymin>47</ymin>
			<xmax>261</xmax>
			<ymax>108</ymax>
		</bndbox>
	</object>
	<object>
		<name>Face_Shield</name>
		<pose>Unspecified</pose>
		<truncated>0</truncated>
		<difficult>0</difficult>
		<bndbox>
			<xmin>267</xmin>
			<ymin>41</ymin>
			<xmax>331</xmax>
			<ymax>110</ymax>
		</bndbox>
	</object>
	<object>
		<name>Coverall</name>
		<pose>Unspecified</pose>
		<truncated>0</truncated>
		<difficult>0</difficult>
		<bndbox>
			<xmin>144</xmin>
			<ymin>21</ymin>
			<xmax>273</xmax>
			<ymax>239</ymax>
		</bndbox>
	</object>
	<object>
		<name>Coverall</name>
		<pose>Unspecified</pose>
		<truncated>0</truncated>
		<difficult>0</difficult>
		<bndbox>
			<xmin>259</xmin>
			<ymin>20</ymin>
			<xmax>359</xmax>
			<ymax>239</ymax>
		</bndbox>
	</object>
</annotation>
