<annotation>
	<folder>ppe hd</folder>
	<filename>bfhrj.png</filename>
	<path>E:\ppe hd\bfhrj.png</path>
	<source>
		<database>Unknown</database>
	</source>
	<size>
		<width>1400</width>
		<height>700</height>
		<depth>3</depth>
	</size>
	<segmented>0</segmented>
	<object>
		<name>Goggles</name>
		<pose>Unspecified</pose>
		<truncated>0</truncated>
		<difficult>0</difficult>
		<bndbox>
			<xmin>741</xmin>
			<ymin>161</ymin>
			<xmax>1101</xmax>
			<ymax>311</ymax>
		</bndbox>
	</object>
	<object>
		<name>Mask</name>
		<pose>Unspecified</pose>
		<truncated>0</truncated>
		<difficult>0</difficult>
		<bndbox>
			<xmin>774</xmin>
			<ymin>273</ymin>
			<xmax>1064</xmax>
			<ymax>563</ymax>
		</bndbox>
	</object>
	<object>
		<name>Gloves</name>
		<pose>Unspecified</pose>
		<truncated>0</truncated>
		<difficult>0</difficult>
		<bndbox>
			<xmin>1036</xmin>
			<ymin>143</ymin>
			<xmax>1349</xmax>
			<ymax>423</ymax>
		</bndbox>
	</object>
	<object>
		<name>Coverall</name>
		<pose>Unspecified</pose>
		<truncated>1</truncated>
		<difficult>0</difficult>
		<bndbox>
			<xmin>474</xmin>
			<ymin>1</ymin>
			<xmax>1395</xmax>
			<ymax>697</ymax>
		</bndbox>
	</object>
</annotation>
