<annotation>
	<folder>ppe hd</folder>
	<filename>cxcf.jpg</filename>
	<path>E:\ppe hd\cxcf.jpg</path>
	<source>
		<database>Unknown</database>
	</source>
	<size>
		<width>1199</width>
		<height>675</height>
		<depth>3</depth>
	</size>
	<segmented>0</segmented>
	<object>
		<name>Gloves</name>
		<pose>Unspecified</pose>
		<truncated>0</truncated>
		<difficult>0</difficult>
		<bndbox>
			<xmin>259</xmin>
			<ymin>395</ymin>
			<xmax>414</xmax>
			<ymax>554</ymax>
		</bndbox>
	</object>
	<object>
		<name>Gloves</name>
		<pose>Unspecified</pose>
		<truncated>0</truncated>
		<difficult>0</difficult>
		<bndbox>
			<xmin>711</xmin>
			<ymin>357</ymin>
			<xmax>876</xmax>
			<ymax>547</ymax>
		</bndbox>
	</object>
	<object>
		<name>Mask</name>
		<pose>Unspecified</pose>
		<truncated>0</truncated>
		<difficult>0</difficult>
		<bndbox>
			<xmin>460</xmin>
			<ymin>262</ymin>
			<xmax>599</xmax>
			<ymax>387</ymax>
		</bndbox>
	</object>
	<object>
		<name>Mask</name>
		<pose>Unspecified</pose>
		<truncated>0</truncated>
		<difficult>0</difficult>
		<bndbox>
			<xmin>707</xmin>
			<ymin>235</ymin>
			<xmax>769</xmax>
			<ymax>291</ymax>
		</bndbox>
	</object>
	<object>
		<name>Goggles</name>
		<pose>Unspecified</pose>
		<truncated>0</truncated>
		<difficult>0</difficult>
		<bndbox>
			<xmin>699</xmin>
			<ymin>186</ymin>
			<xmax>776</xmax>
			<ymax>238</ymax>
		</bndbox>
	</object>
	<object>
		<name>Face_Shield</name>
		<pose>Unspecified</pose>
		<truncated>0</truncated>
		<difficult>0</difficult>
		<bndbox>
			<xmin>401</xmin>
			<ymin>169</ymin>
			<xmax>651</xmax>
			<ymax>388</ymax>
		</bndbox>
	</object>
	<object>
		<name>Coverall</name>
		<pose>Unspecified</pose>
		<truncated>0</truncated>
		<difficult>0</difficult>
		<bndbox>
			<xmin>242</xmin>
			<ymin>141</ymin>
			<xmax>851</xmax>
			<ymax>670</ymax>
		</bndbox>
	</object>
	<object>
		<name>Coverall</name>
		<pose>Unspecified</pose>
		<truncated>0</truncated>
		<difficult>0</difficult>
		<bndbox>
			<xmin>617</xmin>
			<ymin>136</ymin>
			<xmax>788</xmax>
			<ymax>386</ymax>
		</bndbox>
	</object>
</annotation>
