<annotation>
	<folder>ppe hd</folder>
	<filename>dhre.jpg</filename>
	<path>E:\ppe hd\dhre.jpg</path>
	<source>
		<database>Unknown</database>
	</source>
	<size>
		<width>600</width>
		<height>400</height>
		<depth>3</depth>
	</size>
	<segmented>0</segmented>
	<object>
		<name>Gloves</name>
		<pose>Unspecified</pose>
		<truncated>0</truncated>
		<difficult>0</difficult>
		<bndbox>
			<xmin>295</xmin>
			<ymin>263</ymin>
			<xmax>381</xmax>
			<ymax>311</ymax>
		</bndbox>
	</object>
	<object>
		<name>Gloves</name>
		<pose>Unspecified</pose>
		<truncated>0</truncated>
		<difficult>0</difficult>
		<bndbox>
			<xmin>301</xmin>
			<ymin>195</ymin>
			<xmax>379</xmax>
			<ymax>236</ymax>
		</bndbox>
	</object>
	<object>
		<name>Goggles</name>
		<pose>Unspecified</pose>
		<truncated>0</truncated>
		<difficult>0</difficult>
		<bndbox>
			<xmin>262</xmin>
			<ymin>83</ymin>
			<xmax>318</xmax>
			<ymax>136</ymax>
		</bndbox>
	</object>
	<object>
		<name>Mask</name>
		<pose>Unspecified</pose>
		<truncated>0</truncated>
		<difficult>0</difficult>
		<bndbox>
			<xmin>260</xmin>
			<ymin>119</ymin>
			<xmax>288</xmax>
			<ymax>145</ymax>
		</bndbox>
	</object>
	<object>
		<name>Coverall</name>
		<pose>Unspecified</pose>
		<truncated>0</truncated>
		<difficult>0</difficult>
		<bndbox>
			<xmin>40</xmin>
			<ymin>12</ymin>
			<xmax>322</xmax>
			<ymax>398</ymax>
		</bndbox>
	</object>
</annotation>
