<annotation>
	<folder>ppe hd</folder>
	<filename>fshjs.jpeg</filename>
	<path>E:\ppe hd\fshjs.jpeg</path>
	<source>
		<database>Unknown</database>
	</source>
	<size>
		<width>201</width>
		<height>500</height>
		<depth>3</depth>
	</size>
	<segmented>0</segmented>
	<object>
		<name>Mask</name>
		<pose>Unspecified</pose>
		<truncated>0</truncated>
		<difficult>0</difficult>
		<bndbox>
			<xmin>80</xmin>
			<ymin>47</ymin>
			<xmax>116</xmax>
			<ymax>78</ymax>
		</bndbox>
	</object>
	<object>
		<name>Coverall</name>
		<pose>Unspecified</pose>
		<truncated>1</truncated>
		<difficult>0</difficult>
		<bndbox>
			<xmin>1</xmin>
			<ymin>1</ymin>
			<xmax>182</xmax>
			<ymax>498</ymax>
		</bndbox>
	</object>
</annotation>
