<annotation>
	<folder>ppe hd</folder>
	<filename>hda.jpg</filename>
	<path>E:\ppe hd\hda.jpg</path>
	<source>
		<database>Unknown</database>
	</source>
	<size>
		<width>800</width>
		<height>573</height>
		<depth>3</depth>
	</size>
	<segmented>0</segmented>
	<object>
		<name>Mask</name>
		<pose>Unspecified</pose>
		<truncated>0</truncated>
		<difficult>0</difficult>
		<bndbox>
			<xmin>175</xmin>
			<ymin>245</ymin>
			<xmax>408</xmax>
			<ymax>458</ymax>
		</bndbox>
	</object>
	<object>
		<name>Goggles</name>
		<pose>Unspecified</pose>
		<truncated>0</truncated>
		<difficult>0</difficult>
		<bndbox>
			<xmin>139</xmin>
			<ymin>125</ymin>
			<xmax>447</xmax>
			<ymax>309</ymax>
		</bndbox>
	</object>
</annotation>
