<annotation>
	<folder>ppe hd</folder>
	<filename>jhvh.jpg</filename>
	<path>E:\ppe hd\jhvh.jpg</path>
	<source>
		<database>Unknown</database>
	</source>
	<size>
		<width>878</width>
		<height>494</height>
		<depth>3</depth>
	</size>
	<segmented>0</segmented>
	<object>
		<name>Mask</name>
		<pose>Unspecified</pose>
		<truncated>0</truncated>
		<difficult>0</difficult>
		<bndbox>
			<xmin>293</xmin>
			<ymin>109</ymin>
			<xmax>410</xmax>
			<ymax>233</ymax>
		</bndbox>
	</object>
	<object>
		<name>Face_Shield</name>
		<pose>Unspecified</pose>
		<truncated>0</truncated>
		<difficult>0</difficult>
		<bndbox>
			<xmin>262</xmin>
			<ymin>27</ymin>
			<xmax>469</xmax>
			<ymax>255</ymax>
		</bndbox>
	</object>
	<object>
		<name>Coverall</name>
		<pose>Unspecified</pose>
		<truncated>0</truncated>
		<difficult>0</difficult>
		<bndbox>
			<xmin>163</xmin>
			<ymin>231</ymin>
			<xmax>656</xmax>
			<ymax>491</ymax>
		</bndbox>
	</object>
</annotation>
