<annotation>
	<folder>ppe hd</folder>
	<filename>ji7i.png</filename>
	<path>E:\ppe hd\ji7i.png</path>
	<source>
		<database>Unknown</database>
	</source>
	<size>
		<width>0</width>
		<height>0</height>
		<depth>3</depth>
	</size>
	<segmented>0</segmented>
	<object>
		<name>Goggles</name>
		<pose>Unspecified</pose>
		<truncated>0</truncated>
		<difficult>0</difficult>
		<bndbox>
			<xmin>87</xmin>
			<ymin>52</ymin>
			<xmax>289</xmax>
			<ymax>159</ymax>
		</bndbox>
	</object>
	<object>
		<name>Mask</name>
		<pose>Unspecified</pose>
		<truncated>0</truncated>
		<difficult>0</difficult>
		<bndbox>
			<xmin>94</xmin>
			<ymin>141</ymin>
			<xmax>282</xmax>
			<ymax>251</ymax>
		</bndbox>
	</object>
</annotation>
