<annotation>
	<folder>ppe hd</folder>
	<filename>jut.jpg</filename>
	<path>E:\ppe hd\jut.jpg</path>
	<source>
		<database>Unknown</database>
	</source>
	<size>
		<width>1300</width>
		<height>1065</height>
		<depth>3</depth>
	</size>
	<segmented>0</segmented>
	<object>
		<name>Mask</name>
		<pose>Unspecified</pose>
		<truncated>0</truncated>
		<difficult>0</difficult>
		<bndbox>
			<xmin>161</xmin>
			<ymin>561</ymin>
			<xmax>1044</xmax>
			<ymax>975</ymax>
		</bndbox>
	</object>
	<object>
		<name>Goggles</name>
		<pose>Unspecified</pose>
		<truncated>1</truncated>
		<difficult>0</difficult>
		<bndbox>
			<xmin>1</xmin>
			<ymin>13</ymin>
			<xmax>1297</xmax>
			<ymax>793</ymax>
		</bndbox>
	</object>
</annotation>
