<annotation>
	<folder>ppe hd</folder>
	<filename>jyf.jpg</filename>
	<path>E:\ppe hd\jyf.jpg</path>
	<source>
		<database>Unknown</database>
	</source>
	<size>
		<width>750</width>
		<height>500</height>
		<depth>3</depth>
	</size>
	<segmented>0</segmented>
	<object>
		<name>Mask</name>
		<pose>Unspecified</pose>
		<truncated>0</truncated>
		<difficult>0</difficult>
		<bndbox>
			<xmin>263</xmin>
			<ymin>220</ymin>
			<xmax>475</xmax>
			<ymax>454</ymax>
		</bndbox>
	</object>
	<object>
		<name>Coverall</name>
		<pose>Unspecified</pose>
		<truncated>0</truncated>
		<difficult>0</difficult>
		<bndbox>
			<xmin>203</xmin>
			<ymin>20</ymin>
			<xmax>539</xmax>
			<ymax>496</ymax>
		</bndbox>
	</object>
</annotation>
