<annotation>
	<folder>ppe hd</folder>
	<filename>rt.jpg</filename>
	<path>E:\ppe hd\rt.jpg</path>
	<source>
		<database>Unknown</database>
	</source>
	<size>
		<width>485</width>
		<height>273</height>
		<depth>3</depth>
	</size>
	<segmented>0</segmented>
	<object>
		<name>Gloves</name>
		<pose>Unspecified</pose>
		<truncated>0</truncated>
		<difficult>0</difficult>
		<bndbox>
			<xmin>260</xmin>
			<ymin>182</ymin>
			<xmax>315</xmax>
			<ymax>231</ymax>
		</bndbox>
	</object>
	<object>
		<name>Gloves</name>
		<pose>Unspecified</pose>
		<truncated>0</truncated>
		<difficult>0</difficult>
		<bndbox>
			<xmin>313</xmin>
			<ymin>183</ymin>
			<xmax>343</xmax>
			<ymax>217</ymax>
		</bndbox>
	</object>
	<object>
		<name>Gloves</name>
		<pose>Unspecified</pose>
		<truncated>0</truncated>
		<difficult>0</difficult>
		<bndbox>
			<xmin>390</xmin>
			<ymin>149</ymin>
			<xmax>430</xmax>
			<ymax>182</ymax>
		</bndbox>
	</object>
	<object>
		<name>Mask</name>
		<pose>Unspecified</pose>
		<truncated>0</truncated>
		<difficult>0</difficult>
		<bndbox>
			<xmin>83</xmin>
			<ymin>129</ymin>
			<xmax>136</xmax>
			<ymax>184</ymax>
		</bndbox>
	</object>
	<object>
		<name>Mask</name>
		<pose>Unspecified</pose>
		<truncated>0</truncated>
		<difficult>0</difficult>
		<bndbox>
			<xmin>151</xmin>
			<ymin>79</ymin>
			<xmax>179</xmax>
			<ymax>122</ymax>
		</bndbox>
	</object>
	<object>
		<name>Mask</name>
		<pose>Unspecified</pose>
		<truncated>0</truncated>
		<difficult>0</difficult>
		<bndbox>
			<xmin>309</xmin>
			<ymin>34</ymin>
			<xmax>355</xmax>
			<ymax>73</ymax>
		</bndbox>
	</object>
	<object>
		<name>Goggles</name>
		<pose>Unspecified</pose>
		<truncated>0</truncated>
		<difficult>0</difficult>
		<bndbox>
			<xmin>101</xmin>
			<ymin>106</ymin>
			<xmax>132</xmax>
			<ymax>128</ymax>
		</bndbox>
	</object>
	<object>
		<name>Goggles</name>
		<pose>Unspecified</pose>
		<truncated>0</truncated>
		<difficult>0</difficult>
		<bndbox>
			<xmin>316</xmin>
			<ymin>24</ymin>
			<xmax>367</xmax>
			<ymax>48</ymax>
		</bndbox>
	</object>
	<object>
		<name>Coverall</name>
		<pose>Unspecified</pose>
		<truncated>1</truncated>
		<difficult>0</difficult>
		<bndbox>
			<xmin>1</xmin>
			<ymin>25</ymin>
			<xmax>247</xmax>
			<ymax>273</ymax>
		</bndbox>
	</object>
	<object>
		<name>Coverall</name>
		<pose>Unspecified</pose>
		<truncated>0</truncated>
		<difficult>0</difficult>
		<bndbox>
			<xmin>100</xmin>
			<ymin>12</ymin>
			<xmax>179</xmax>
			<ymax>210</ymax>
		</bndbox>
	</object>
	<object>
		<name>Coverall</name>
		<pose>Unspecified</pose>
		<truncated>0</truncated>
		<difficult>0</difficult>
		<bndbox>
			<xmin>224</xmin>
			<ymin>2</ymin>
			<xmax>405</xmax>
			<ymax>192</ymax>
		</bndbox>
	</object>
</annotation>
