<annotation>
	<folder>ppe hd</folder>
	<filename>rtret.jpg</filename>
	<path>E:\ppe hd\rtret.jpg</path>
	<source>
		<database>Unknown</database>
	</source>
	<size>
		<width>4552</width>
		<height>2832</height>
		<depth>3</depth>
	</size>
	<segmented>0</segmented>
	<object>
		<name>Goggles</name>
		<pose>Unspecified</pose>
		<truncated>0</truncated>
		<difficult>0</difficult>
		<bndbox>
			<xmin>853</xmin>
			<ymin>424</ymin>
			<xmax>1477</xmax>
			<ymax>752</ymax>
		</bndbox>
	</object>
	<object>
		<name>Goggles</name>
		<pose>Unspecified</pose>
		<truncated>0</truncated>
		<difficult>0</difficult>
		<bndbox>
			<xmin>3001</xmin>
			<ymin>473</ymin>
			<xmax>3541</xmax>
			<ymax>812</ymax>
		</bndbox>
	</object>
	<object>
		<name>Mask</name>
		<pose>Unspecified</pose>
		<truncated>0</truncated>
		<difficult>0</difficult>
		<bndbox>
			<xmin>922</xmin>
			<ymin>585</ymin>
			<xmax>1401</xmax>
			<ymax>1046</ymax>
		</bndbox>
	</object>
	<object>
		<name>Mask</name>
		<pose>Unspecified</pose>
		<truncated>0</truncated>
		<difficult>0</difficult>
		<bndbox>
			<xmin>3125</xmin>
			<ymin>709</ymin>
			<xmax>3535</xmax>
			<ymax>1079</ymax>
		</bndbox>
	</object>
	<object>
		<name>Gloves</name>
		<pose>Unspecified</pose>
		<truncated>0</truncated>
		<difficult>0</difficult>
		<bndbox>
			<xmin>495</xmin>
			<ymin>367</ymin>
			<xmax>868</xmax>
			<ymax>673</ymax>
		</bndbox>
	</object>
	<object>
		<name>Gloves</name>
		<pose>Unspecified</pose>
		<truncated>0</truncated>
		<difficult>0</difficult>
		<bndbox>
			<xmin>1474</xmin>
			<ymin>403</ymin>
			<xmax>1747</xmax>
			<ymax>655</ymax>
		</bndbox>
	</object>
	<object>
		<name>Gloves</name>
		<pose>Unspecified</pose>
		<truncated>0</truncated>
		<difficult>0</difficult>
		<bndbox>
			<xmin>2956</xmin>
			<ymin>752</ymin>
			<xmax>3153</xmax>
			<ymax>1000</ymax>
		</bndbox>
	</object>
	<object>
		<name>Gloves</name>
		<pose>Unspecified</pose>
		<truncated>0</truncated>
		<difficult>0</difficult>
		<bndbox>
			<xmin>3498</xmin>
			<ymin>794</ymin>
			<xmax>3832</xmax>
			<ymax>1100</ymax>
		</bndbox>
	</object>
	<object>
		<name>Coverall</name>
		<pose>Unspecified</pose>
		<truncated>1</truncated>
		<difficult>0</difficult>
		<bndbox>
			<xmin>1</xmin>
			<ymin>75</ymin>
			<xmax>2419</xmax>
			<ymax>2827</ymax>
		</bndbox>
	</object>
	<object>
		<name>Coverall</name>
		<pose>Unspecified</pose>
		<truncated>0</truncated>
		<difficult>0</difficult>
		<bndbox>
			<xmin>2480</xmin>
			<ymin>197</ymin>
			<xmax>4538</xmax>
			<ymax>2800</ymax>
		</bndbox>
	</object>
</annotation>
