<annotation>
	<folder>ppe hd</folder>
	<filename>ss.jpg</filename>
	<path>E:\ppe hd\ss.jpg</path>
	<source>
		<database>Unknown</database>
	</source>
	<size>
		<width>600</width>
		<height>400</height>
		<depth>3</depth>
	</size>
	<segmented>0</segmented>
	<object>
		<name>Mask</name>
		<pose>Unspecified</pose>
		<truncated>0</truncated>
		<difficult>0</difficult>
		<bndbox>
			<xmin>124</xmin>
			<ymin>219</ymin>
			<xmax>155</xmax>
			<ymax>239</ymax>
		</bndbox>
	</object>
	<object>
		<name>Mask</name>
		<pose>Unspecified</pose>
		<truncated>0</truncated>
		<difficult>0</difficult>
		<bndbox>
			<xmin>275</xmin>
			<ymin>171</ymin>
			<xmax>330</xmax>
			<ymax>236</ymax>
		</bndbox>
	</object>
	<object>
		<name>Mask</name>
		<pose>Unspecified</pose>
		<truncated>0</truncated>
		<difficult>0</difficult>
		<bndbox>
			<xmin>401</xmin>
			<ymin>188</ymin>
			<xmax>429</xmax>
			<ymax>205</ymax>
		</bndbox>
	</object>
	<object>
		<name>Face_Shield</name>
		<pose>Unspecified</pose>
		<truncated>0</truncated>
		<difficult>0</difficult>
		<bndbox>
			<xmin>203</xmin>
			<ymin>130</ymin>
			<xmax>343</xmax>
			<ymax>238</ymax>
		</bndbox>
	</object>
	<object>
		<name>Gloves</name>
		<pose>Unspecified</pose>
		<truncated>0</truncated>
		<difficult>0</difficult>
		<bndbox>
			<xmin>480</xmin>
			<ymin>285</ymin>
			<xmax>568</xmax>
			<ymax>386</ymax>
		</bndbox>
	</object>
	<object>
		<name>Coverall</name>
		<pose>Unspecified</pose>
		<truncated>0</truncated>
		<difficult>0</difficult>
		<bndbox>
			<xmin>188</xmin>
			<ymin>243</ymin>
			<xmax>495</xmax>
			<ymax>398</ymax>
		</bndbox>
	</object>
	<object>
		<name>Gloves</name>
		<pose>Unspecified</pose>
		<truncated>0</truncated>
		<difficult>0</difficult>
		<bndbox>
			<xmin>350</xmin>
			<ymin>345</ymin>
			<xmax>371</xmax>
			<ymax>379</ymax>
		</bndbox>
	</object>
</annotation>
