<annotation>
	<folder>ppe hd</folder>
	<filename>trty.jpg</filename>
	<path>E:\ppe hd\trty.jpg</path>
	<source>
		<database>Unknown</database>
	</source>
	<size>
		<width>2246</width>
		<height>1498</height>
		<depth>3</depth>
	</size>
	<segmented>0</segmented>
	<object>
		<name>Goggles</name>
		<pose>Unspecified</pose>
		<truncated>0</truncated>
		<difficult>0</difficult>
		<bndbox>
			<xmin>670</xmin>
			<ymin>255</ymin>
			<xmax>1745</xmax>
			<ymax>690</ymax>
		</bndbox>
	</object>
	<object>
		<name>Mask</name>
		<pose>Unspecified</pose>
		<truncated>0</truncated>
		<difficult>0</difficult>
		<bndbox>
			<xmin>794</xmin>
			<ymin>537</ymin>
			<xmax>1617</xmax>
			<ymax>1248</ymax>
		</bndbox>
	</object>
	<object>
		<name>Gloves</name>
		<pose>Unspecified</pose>
		<truncated>0</truncated>
		<difficult>0</difficult>
		<bndbox>
			<xmin>3</xmin>
			<ymin>239</ymin>
			<xmax>796</xmax>
			<ymax>1176</ymax>
		</bndbox>
	</object>
	<object>
		<name>Gloves</name>
		<pose>Unspecified</pose>
		<truncated>1</truncated>
		<difficult>0</difficult>
		<bndbox>
			<xmin>1603</xmin>
			<ymin>237</ymin>
			<xmax>2246</xmax>
			<ymax>1130</ymax>
		</bndbox>
	</object>
</annotation>
