<annotation>
	<folder>ppe hd</folder>
	<filename>tui.jpg</filename>
	<path>E:\ppe hd\tui.jpg</path>
	<source>
		<database>Unknown</database>
	</source>
	<size>
		<width>4100</width>
		<height>2736</height>
		<depth>3</depth>
	</size>
	<segmented>0</segmented>
	<object>
		<name>Mask</name>
		<pose>Unspecified</pose>
		<truncated>0</truncated>
		<difficult>0</difficult>
		<bndbox>
			<xmin>2106</xmin>
			<ymin>801</ymin>
			<xmax>2810</xmax>
			<ymax>1376</ymax>
		</bndbox>
	</object>
	<object>
		<name>Goggles</name>
		<pose>Unspecified</pose>
		<truncated>0</truncated>
		<difficult>0</difficult>
		<bndbox>
			<xmin>2068</xmin>
			<ymin>593</ymin>
			<xmax>2810</xmax>
			<ymax>868</ymax>
		</bndbox>
	</object>
	<object>
		<name>Mask</name>
		<pose>Unspecified</pose>
		<truncated>0</truncated>
		<difficult>0</difficult>
		<bndbox>
			<xmin>3601</xmin>
			<ymin>418</ymin>
			<xmax>4006</xmax>
			<ymax>810</ymax>
		</bndbox>
	</object>
	<object>
		<name>Coverall</name>
		<pose>Unspecified</pose>
		<truncated>0</truncated>
		<difficult>0</difficult>
		<bndbox>
			<xmin>1101</xmin>
			<ymin>89</ymin>
			<xmax>3885</xmax>
			<ymax>2726</ymax>
		</bndbox>
	</object>
	<object>
		<name>Coverall</name>
		<pose>Unspecified</pose>
		<truncated>0</truncated>
		<difficult>0</difficult>
		<bndbox>
			<xmin>3193</xmin>
			<ymin>847</ymin>
			<xmax>4089</xmax>
			<ymax>2710</ymax>
		</bndbox>
	</object>
	<object>
		<name>Coverall</name>
		<pose>Unspecified</pose>
		<truncated>0</truncated>
		<difficult>0</difficult>
		<bndbox>
			<xmin>10</xmin>
			<ymin>276</ymin>
			<xmax>1318</xmax>
			<ymax>2731</ymax>
		</bndbox>
	</object>
</annotation>
