<annotation>
	<folder>ppe hd</folder>
	<filename>ukudtk.jpg</filename>
	<path>E:\ppe hd\ukudtk.jpg</path>
	<source>
		<database>Unknown</database>
	</source>
	<size>
		<width>1540</width>
		<height>800</height>
		<depth>3</depth>
	</size>
	<segmented>0</segmented>
	<object>
		<name>Gloves</name>
		<pose>Unspecified</pose>
		<truncated>0</truncated>
		<difficult>0</difficult>
		<bndbox>
			<xmin>791</xmin>
			<ymin>444</ymin>
			<xmax>1187</xmax>
			<ymax>795</ymax>
		</bndbox>
	</object>
	<object>
		<name>Gloves</name>
		<pose>Unspecified</pose>
		<truncated>0</truncated>
		<difficult>0</difficult>
		<bndbox>
			<xmin>426</xmin>
			<ymin>529</ymin>
			<xmax>762</xmax>
			<ymax>786</ymax>
		</bndbox>
	</object>
	<object>
		<name>Mask</name>
		<pose>Unspecified</pose>
		<truncated>0</truncated>
		<difficult>0</difficult>
		<bndbox>
			<xmin>467</xmin>
			<ymin>139</ymin>
			<xmax>672</xmax>
			<ymax>316</ymax>
		</bndbox>
	</object>
	<object>
		<name>Goggles</name>
		<pose>Unspecified</pose>
		<truncated>0</truncated>
		<difficult>0</difficult>
		<bndbox>
			<xmin>444</xmin>
			<ymin>77</ymin>
			<xmax>694</xmax>
			<ymax>183</ymax>
		</bndbox>
	</object>
	<object>
		<name>Coverall</name>
		<pose>Unspecified</pose>
		<truncated>0</truncated>
		<difficult>0</difficult>
		<bndbox>
			<xmin>106</xmin>
			<ymin>5</ymin>
			<xmax>995</xmax>
			<ymax>794</ymax>
		</bndbox>
	</object>
</annotation>
