<annotation>
	<folder>ppe hd</folder>
	<filename>vgfa.jpg</filename>
	<path>E:\ppe hd\vgfa.jpg</path>
	<source>
		<database>Unknown</database>
	</source>
	<size>
		<width>2000</width>
		<height>1333</height>
		<depth>3</depth>
	</size>
	<segmented>0</segmented>
	<object>
		<name>Gloves</name>
		<pose>Unspecified</pose>
		<truncated>0</truncated>
		<difficult>0</difficult>
		<bndbox>
			<xmin>272</xmin>
			<ymin>598</ymin>
			<xmax>1084</xmax>
			<ymax>1028</ymax>
		</bndbox>
	</object>
	<object>
		<name>Gloves</name>
		<pose>Unspecified</pose>
		<truncated>0</truncated>
		<difficult>0</difficult>
		<bndbox>
			<xmin>1106</xmin>
			<ymin>508</ymin>
			<xmax>1609</xmax>
			<ymax>902</ymax>
		</bndbox>
	</object>
	<object>
		<name>Coverall</name>
		<pose>Unspecified</pose>
		<truncated>1</truncated>
		<difficult>0</difficult>
		<bndbox>
			<xmin>1118</xmin>
			<ymin>1</ymin>
			<xmax>1998</xmax>
			<ymax>1325</ymax>
		</bndbox>
	</object>
</annotation>
