<annotation>
	<folder>ppe hd</folder>
	<filename>wwwwwg.jpeg</filename>
	<path>E:\ppe hd\wwwwwg.jpeg</path>
	<source>
		<database>Unknown</database>
	</source>
	<size>
		<width>1200</width>
		<height>630</height>
		<depth>3</depth>
	</size>
	<segmented>0</segmented>
	<object>
		<name>Mask</name>
		<pose>Unspecified</pose>
		<truncated>0</truncated>
		<difficult>0</difficult>
		<bndbox>
			<xmin>419</xmin>
			<ymin>192</ymin>
			<xmax>565</xmax>
			<ymax>306</ymax>
		</bndbox>
	</object>
	<object>
		<name>Gloves</name>
		<pose>Unspecified</pose>
		<truncated>0</truncated>
		<difficult>0</difficult>
		<bndbox>
			<xmin>303</xmin>
			<ymin>161</ymin>
			<xmax>424</xmax>
			<ymax>330</ymax>
		</bndbox>
	</object>
</annotation>
